ID,Withdrawal created at,User inventory item ID,Prize ID,Name,Game name,Image,Value,Sourced from,Sourcing notes,Sourcing tracking URL,Withdrawal ID,Fulfilled,Source,Display properties
015cacf9-524c-4610-9b9f-7b58d83232a5,2024-08-01T04:06:49.990Z,bb7a0bcf-6614-4889-8d8c-bb8a39bb1dd1,46565873-eb62-4d88-87b5-006ec7377b7a,Poliwhirl,Artist Spotlight: Gemi,https://images.pokemontcg.io/sv3pt5/176_hires.png,16.720000000000000000000000000000,,,,015cacf9-524c-4610-9b9f-7b58d83232a5,false,https://prices.pokemontcg.io/tcgplayer/sv3pt5-176,"[{""name"":""Condition"",""value"":""Near Mint""},{""name"":""Language"",""value"":""English""},{""name"":""Number"",""value"":""176""},{""name"":""Printing"",""value"":""Holofoil""},{""name"":""Set"",""value"":""SV3PT5: 151""}]"
015cacf9-524c-4610-9b9f-7b58d83232a5,2024-08-01T04:06:49.990Z,f403ca02-f412-4b51-8fba-5795cb7002aa,504cce3e-6c4a-4168-9f15-161376af880f,Weezing,Pokeball GO! Poison Types+!,https://images.pokemontcg.io/sm12/77_hires.png,0.400000000000000000000000000000,,,,015cacf9-524c-4610-9b9f-7b58d83232a5,false,https://prices.pokemontcg.io/tcgplayer/sm12-77,"[{""name"":""Condition"",""value"":""Near Mint""},{""name"":""Language"",""value"":""English""},{""name"":""Number"",""value"":""77""},{""name"":""Printing"",""value"":""Normal""},{""name"":""Set"",""value"":""SM12: Cosmic Eclipse""}]"
015cacf9-524c-4610-9b9f-7b58d83232a5,2024-08-01T04:06:49.990Z,414000b2-e2b9-4049-84b0-71ea8b97d0ad,525bf6f1-306a-490d-a09a-ca40b0bd2ccb,Swinub,Pokeball GO! Ice Types+!,https://images.pokemontcg.io/sm4/19_hires.png,0.120000000000000000000000000000,,,,015cacf9-524c-4610-9b9f-7b58d83232a5,false,https://prices.pokemontcg.io/tcgplayer/sm4-19,"[{""name"":""Condition"",""value"":""Near Mint""},{""name"":""Language"",""value"":""English""},{""name"":""Number"",""value"":""19""},{""name"":""Printing"",""value"":""Normal""},{""name"":""Set"",""value"":""SM4: Crimson Invasion""}]"
015cacf9-524c-4610-9b9f-7b58d83232a5,2024-08-01T04:06:49.990Z,8e396956-aabb-4ba3-9cae-eb54c2b0f41c,532343b2-1e85-4368-a00a-d80ab639e136,Azumarill,Eggcellent Pokemon!,https://images.pokemontcg.io/dp1/18_hires.png,1.730000000000000000000000000000,,,,015cacf9-524c-4610-9b9f-7b58d83232a5,false,https://prices.pokemontcg.io/tcgplayer/dp1-18,"[{""name"":""Condition"",""value"":""Near Mint""},{""name"":""Language"",""value"":""English""},{""name"":""Number"",""value"":""18""},{""name"":""Printing"",""value"":""Normal""},{""name"":""Set"",""value"":""DP1: Diamond & Pearl""}]"
015cacf9-524c-4610-9b9f-7b58d83232a5,2024-08-01T04:06:49.990Z,71c3a5a9-fdd3-43e0-b8fe-f3bba43fc831,58585a9c-cf0c-4f29-87a0-10ab68310088,Dunsparce,Pokeball GO! Normal Types!,https://images.pokemontcg.io/swsh12pt5gg/GG23_hires.png,1.190000000000000000000000000000,,,,015cacf9-524c-4610-9b9f-7b58d83232a5,false,https://prices.pokemontcg.io/tcgplayer/swsh12pt5gg-GG23,"[{""name"":""Condition"",""value"":""Near Mint""},{""name"":""Language"",""value"":""English""},{""name"":""Number"",""value"":""GG23""},{""name"":""Printing"",""value"":""Holofoil""},{""name"":""Set"",""value"":""SWSH12PT5GG: Crown Zenith Galarian Gallery""}]"
015cacf9-524c-4610-9b9f-7b58d83232a5,2024-08-01T04:06:49.990Z,e15a6ce7-e695-4b80-b723-28c96e9c1ded,6f973a38-196d-44d5-8d85-a7d98cac073e,Clefairy,Eggcellent Pokemon!,https://images.pokemontcg.io/dp3/83_hires.png,0.490000000000000000000000000000,,,,015cacf9-524c-4610-9b9f-7b58d83232a5,false,https://prices.pokemontcg.io/tcgplayer/dp3-83,"[{""name"":""Condition"",""value"":""Near Mint""},{""name"":""Language"",""value"":""English""},{""name"":""Number"",""value"":""83""},{""name"":""Printing"",""value"":""Normal""},{""name"":""Set"",""value"":""DP3: Secret Wonders""}]"
015cacf9-524c-4610-9b9f-7b58d83232a5,2024-08-01T04:06:49.990Z,caa19036-0f61-4763-b674-a9283d504303,70553d2e-6874-4319-ac31-60d2b60753e5,Dugtrio,"I Choose You, Danglers!",https://images.pokemontcg.io/g1/39_hires.png,0.390000000000000000000000000000,,,,015cacf9-524c-4610-9b9f-7b58d83232a5,false,https://prices.pokemontcg.io/tcgplayer/g1-39,"[{""name"":""Condition"",""value"":""Near Mint""},{""name"":""Language"",""value"":""English""},{""name"":""Number"",""value"":""39""},{""name"":""Printing"",""value"":""Normal""},{""name"":""Set"",""value"":""G1: Generations""}]"
015cacf9-524c-4610-9b9f-7b58d83232a5,2024-08-01T04:06:49.990Z,29d86087-41dd-4f18-b425-8dac2c29cb75,7cfc340b-e68c-4cf1-af44-d2362a9a5eb6,Porygon,Pokeball GO! Normal Types!,https://images.pokemontcg.io/sm10/154_hires.png,0.200000000000000000000000000000,,,,015cacf9-524c-4610-9b9f-7b58d83232a5,false,https://prices.pokemontcg.io/tcgplayer/sm10-154,"[{""name"":""Condition"",""value"":""Near Mint""},{""name"":""Language"",""value"":""English""},{""name"":""Number"",""value"":""154""},{""name"":""Printing"",""value"":""Normal""},{""name"":""Set"",""value"":""SM10: Unbroken Bonds""}]"
015cacf9-524c-4610-9b9f-7b58d83232a5,2024-08-01T04:06:49.990Z,331f9103-bb36-4aa7-a327-b88b3e492997,7dd658eb-7a50-459d-8fdd-ed2152617b4c,Rattata,Pokeball GO! Normal Types!,https://images.pokemontcg.io/sm10/143_hires.png,0.130000000000000000000000000000,,,,015cacf9-524c-4610-9b9f-7b58d83232a5,false,https://prices.pokemontcg.io/tcgplayer/sm10-143,"[{""name"":""Condition"",""value"":""Near Mint""},{""name"":""Language"",""value"":""English""},{""name"":""Number"",""value"":""143""},{""name"":""Printing"",""value"":""Normal""},{""name"":""Set"",""value"":""SM10: Unbroken Bonds""}]"
015cacf9-524c-4610-9b9f-7b58d83232a5,2024-08-01T04:06:49.990Z,6b0b9623-af0b-412d-9e12-57210632cd70,80d6e7fd-6f1a-47f3-ad4e-79e51c2ad3e0,Spearow,Pokeball GO! Normal Types+!,https://images.pokemontcg.io/base4/92_hires.png,1.010000000000000000000000000000,,,,015cacf9-524c-4610-9b9f-7b58d83232a5,false,https://prices.pokemontcg.io/tcgplayer/base4-92,"[{""name"":""Condition"",""value"":""Near Mint""},{""name"":""Language"",""value"":""English""},{""name"":""Number"",""value"":""92""},{""name"":""Printing"",""value"":""Normal""},{""name"":""Set"",""value"":""BASE4: Base Set 2""}]"
015cacf9-524c-4610-9b9f-7b58d83232a5,2024-08-01T04:06:49.990Z,4cf127b8-b12e-4b3f-a6c4-f3102a03e6d4,ba3b44a3-83d5-4551-b94a-43c91e1eb1dc,Fezandipiti,Pokeball GO! Poison Types+!,https://images.pokemontcg.io/sv6/96_hires.png,0.070000000000000010000000000000,,,,015cacf9-524c-4610-9b9f-7b58d83232a5,false,https://prices.pokemontcg.io/tcgplayer/sv6-96,"[{""name"":""Condition"",""value"":""Near Mint""},{""name"":""Language"",""value"":""English""},{""name"":""Number"",""value"":""96""},{""name"":""Printing"",""value"":""Holofoil""},{""name"":""Set"",""value"":""SV6: Twilight Masquerade""}]"
015cacf9-524c-4610-9b9f-7b58d83232a5,2024-08-01T04:06:49.990Z,5023564a-250c-4737-8ebe-b60b76d5783f,c5128b4c-06af-4d9a-904f-e01bfd5984e2,Jigglypuff,Eggcellent Pokemon!,https://images.pokemontcg.io/sv4pt5/198_hires.png,7.610000000000000000000000000000,,,,015cacf9-524c-4610-9b9f-7b58d83232a5,false,https://prices.pokemontcg.io/tcgplayer/sv4pt5-198,"[{""name"":""Condition"",""value"":""Near Mint""},{""name"":""Language"",""value"":""English""},{""name"":""Number"",""value"":""198""},{""name"":""Printing"",""value"":""Holofoil""},{""name"":""Set"",""value"":""SV4PT5: Paldean Fates""}]"
015cacf9-524c-4610-9b9f-7b58d83232a5,2024-08-01T04:06:49.990Z,d122e2dc-8810-4d61-a50c-fbe41084aeae,c8d69546-8467-4c83-8a6a-1dfa777f1f0d,Diglett,"I Choose You, Danglers!",https://images.pokemontcg.io/xy1/58_hires.png,0.270000000000000000000000000000,,,,015cacf9-524c-4610-9b9f-7b58d83232a5,false,https://prices.pokemontcg.io/tcgplayer/xy1-58,"[{""name"":""Condition"",""value"":""Near Mint""},{""name"":""Language"",""value"":""English""},{""name"":""Number"",""value"":""58""},{""name"":""Printing"",""value"":""Normal""},{""name"":""Set"",""value"":""XY1: XY""}]"
015cacf9-524c-4610-9b9f-7b58d83232a5,2024-08-01T04:06:49.990Z,667c95f0-4332-4031-9d85-07a0ac27c9be,d7edf5b6-4500-4b77-877d-e540a847c642,Sylveon-EX,Generations: Radiant Collection!,https://images.pokemontcg.io/g1/RC32_hires.png,32.040000000000000000000000000000,,,,015cacf9-524c-4610-9b9f-7b58d83232a5,false,https://prices.pokemontcg.io/tcgplayer/g1-RC32,"[{""name"":""Condition"",""value"":""Lightly Played+""},{""name"":""Language"",""value"":""English""},{""name"":""Number"",""value"":""RC32""},{""name"":""Printing"",""value"":""Holofoil""},{""name"":""Set"",""value"":""G1: Generations""}]"
015cacf9-524c-4610-9b9f-7b58d83232a5,2024-08-01T04:06:49.990Z,d4a65eb5-b92c-42a9-b42b-539eded69649,f2e8f00e-2cc3-4e06-8366-400bfd3bf8f0,Azurill,Eggcellent Pokemon!,https://images.pokemontcg.io/dp1/69_hires.png,1.780000000000000000000000000000,,,,015cacf9-524c-4610-9b9f-7b58d83232a5,false,https://prices.pokemontcg.io/tcgplayer/dp1-69,"[{""name"":""Condition"",""value"":""Near Mint""},{""name"":""Language"",""value"":""English""},{""name"":""Number"",""value"":""69""},{""name"":""Printing"",""value"":""Normal""},{""name"":""Set"",""value"":""DP1: Diamond & Pearl""}]"
0e9ad3c3-7b90-48e4-a210-d0ff28249f07,2024-08-02T04:56:27.916Z,95b8de96-7cc3-42ff-985e-b522eea9fdda,40f6537f-0e63-4188-bcea-e9fb81c78440,151 Elite Trainer Box!,Collecting Elite Trainer Boxes!,https://pullbox.retool.com/api/file/e6a39318-7b4f-42fb-87e4-e3d704996cb4,102.200000000000000000000000000000,,,,0e9ad3c3-7b90-48e4-a210-d0ff28249f07,false,,"[{""name"":""Condition"",""value"":""Sealed""},{""name"":""Printing"",""value"":""Elite Trainer Box""},{""name"":""Set"",""value"":""151""}]"
0e9ad3c3-7b90-48e4-a210-d0ff28249f07,2024-08-02T04:56:27.916Z,6c4d6811-8bad-43f2-9e69-b6d911088c7f,70ab5850-6f8c-4a72-8c88-5780dc0c6655,Twilight Masquerade Elite Trainer Box!,Collecting Elite Trainer Boxes!,https://pullbox.retool.com/api/file/85cced90-aa59-436e-9fb4-f8b5e1b4fd2e,65.700000000000000000000000000000,,,,0e9ad3c3-7b90-48e4-a210-d0ff28249f07,false,,"[{""name"":""Condition"",""value"":""Sealed""},{""name"":""Printing"",""value"":""Elite Trainer Box""},{""name"":""Set"",""value"":""Twilight Masquerade""}]"
0e9ad3c3-7b90-48e4-a210-d0ff28249f07,2024-08-02T04:56:27.916Z,cc862f44-84b4-47e7-857a-36596c294485,70ab5850-6f8c-4a72-8c88-5780dc0c6655,Twilight Masquerade Elite Trainer Box!,Collecting Elite Trainer Boxes!,https://pullbox.retool.com/api/file/85cced90-aa59-436e-9fb4-f8b5e1b4fd2e,65.700000000000000000000000000000,,,,0e9ad3c3-7b90-48e4-a210-d0ff28249f07,false,,"[{""name"":""Condition"",""value"":""Sealed""},{""name"":""Printing"",""value"":""Elite Trainer Box""},{""name"":""Set"",""value"":""Twilight Masquerade""}]"
0e9ad3c3-7b90-48e4-a210-d0ff28249f07,2024-08-02T04:56:27.916Z,5226a9f8-7dee-4fad-97df-2e7d0ac7fc94,c2da5f9f-e8c3-41cf-aee2-20f9f957b782,Paldea Evolved Elite Trainer Box!,Collecting Elite Trainer Boxes!,https://pullbox.retool.com/api/file/da010da9-695e-44a0-9b01-57f9d345da5f,65.700000000000000000000000000000,,,,0e9ad3c3-7b90-48e4-a210-d0ff28249f07,false,,"[{""name"":""Condition"",""value"":""Sealed""},{""name"":""Printing"",""value"":""Elite Trainer Box""},{""name"":""Set"",""value"":""Paldea Evolved""}]"
0e9ad3c3-7b90-48e4-a210-d0ff28249f07,2024-08-02T04:56:27.916Z,e2d1b07b-c8ba-40f7-95da-d3a18aee06d5,d25a9acf-832e-48fb-9eb4-5d150ea18906,Obsidian Flames Elite Trainer Box!,Collecting Elite Trainer Boxes!,https://pullbox.retool.com/api/file/8af447b2-f05a-4cbe-8cef-d2e93d29b52a,65.700000000000000000000000000000,,,,0e9ad3c3-7b90-48e4-a210-d0ff28249f07,false,,"[{""name"":""Condition"",""value"":""Sealed""},{""name"":""Printing"",""value"":""Elite Trainer Box""},{""name"":""Set"",""value"":""Obsidian Flames""}]"
0e9ad3c3-7b90-48e4-a210-d0ff28249f07,2024-08-02T04:56:27.916Z,d0dadeef-8251-450f-beac-dba373603068,dbce707d-f6bb-4fb9-8664-55bead4c2751,Paldean Fates Elite Trainer Box!,Collecting Elite Trainer Boxes!,https://pullbox.retool.com/api/file/45489cf5-11b6-4ddd-b14e-26cd70b2eab1,73.000000000000000000000000000000,,,,0e9ad3c3-7b90-48e4-a210-d0ff28249f07,false,,"[{""name"":""Condition"",""value"":""Sealed""},{""name"":""Printing"",""value"":""Elite Trainer Box""},{""name"":""Set"",""value"":""Paldean Fates""}]"
0e9ad3c3-7b90-48e4-a210-d0ff28249f07,2024-08-02T04:56:27.916Z,d505d780-476c-446b-bfb5-9ca6b7ef9b24,dbce707d-f6bb-4fb9-8664-55bead4c2751,Paldean Fates Elite Trainer Box!,Collecting Elite Trainer Boxes!,https://pullbox.retool.com/api/file/45489cf5-11b6-4ddd-b14e-26cd70b2eab1,73.000000000000000000000000000000,,,,0e9ad3c3-7b90-48e4-a210-d0ff28249f07,false,,"[{""name"":""Condition"",""value"":""Sealed""},{""name"":""Printing"",""value"":""Elite Trainer Box""},{""name"":""Set"",""value"":""Paldean Fates""}]"
36b30cbe-fb55-4861-a5f3-71999ad39969,2024-07-31T20:55:40.597Z,01653551-41bf-49a3-9213-35e4da448788,11846fb5-1348-49b4-82fd-b455942c8cb9,Sundown Pass,The Best Of Pioneer (lands),https://cards.scryfall.io/png/front/9/b/9b8b5b0b-a8bc-4244-b457-44ccb92ede5c.png,11.460000000000000000000000000000,,,,36b30cbe-fb55-4861-a5f3-71999ad39969,false,https://tcgplayer.com/product/519234?Condition=Near%20Mint&Printing=Normal&Language=English,"[{""name"":""Condition"",""value"":""Near Mint""},{""name"":""Language"",""value"":""English""},{""name"":""Number"",""value"":""310""},{""name"":""Printing"",""value"":""Non Foil""},{""name"":""Set"",""value"":""WHO: Universes Beyond: Doctor Who""}]"
36b30cbe-fb55-4861-a5f3-71999ad39969,2024-07-31T20:55:40.597Z,af393918-26f2-412c-ba7c-b7dd876b1543,235b7ea2-52ba-4259-a4cb-83a1bb54c4c2,Hexdrinker,Best 1 Drops of All Time (Creatures),https://cards.scryfall.io/png/front/b/7/b71c2044-328a-4e29-8b3a-0eeb75fee2bf.png,9.609999999999999000000000000000,,,,36b30cbe-fb55-4861-a5f3-71999ad39969,false,https://tcgplayer.com/product/480529?Condition=Near%20Mint&Printing=Normal&Language=English,"[{""name"":""Condition"",""value"":""Near Mint""},{""name"":""Language"",""value"":""English""},{""name"":""Number"",""value"":""1222""},{""name"":""Printing"",""value"":""Non Foil""},{""name"":""Set"",""value"":""SLD: Secret Lair Drop Series""}]"
36b30cbe-fb55-4861-a5f3-71999ad39969,2024-07-31T20:55:40.597Z,d4e1768e-1d6c-4ea1-af3e-2d78ec072775,91d549c3-95bb-4385-888e-b0446dbb94d8,Phyrexian Altar,Artifact Allstars!,https://cards.scryfall.io/png/front/9/5/95d9f93c-50a8-41a9-be98-d1900bf1c12f.png,54.060000000000000000000000000000,,,,36b30cbe-fb55-4861-a5f3-71999ad39969,false,https://tcgplayer.com/product/276325?Condition=Near%20Mint&Printing=Normal&Language=English,"[{""name"":""Condition"",""value"":""Near Mint""},{""name"":""Language"",""value"":""English""},{""name"":""Number"",""value"":""311""},{""name"":""Printing"",""value"":""Non Foil""},{""name"":""Set"",""value"":""2X2: Double Masters 2022""}]"
36b30cbe-fb55-4861-a5f3-71999ad39969,2024-07-31T20:55:40.597Z,dfde824f-76e5-406f-a4a5-52fcfdd8a757,9e6c66ed-eb12-4595-affd-6cfc7ea41c05,Thought Vessel (Galaxy Foil),Artifact Allstars!,https://cards.scryfall.io/png/front/f/d/fd71be2d-5ffc-418e-92d0-a36cf10ac5d6.png,29.130000000000000000000000000000,,,,36b30cbe-fb55-4861-a5f3-71999ad39969,false,https://tcgplayer.com/product/528290?Condition=Near%20Mint&Printing=Foil&Language=English,"[{""name"":""Condition"",""value"":""Near Mint""},{""name"":""Language"",""value"":""English""},{""name"":""Number"",""value"":""1495""},{""name"":""Printing"",""value"":""Foil""},{""name"":""Set"",""value"":""SLD: Secret Lair Drop Series""}]"
36b30cbe-fb55-4861-a5f3-71999ad39969,2024-07-31T20:55:40.597Z,250efb75-44c4-4fe8-96f4-bf10dc07279c,b363cb34-b2a8-40db-aea8-32dace68de33,Arcane Signet (1492) (Galaxy Foil),Artifact Allstars!,https://cards.scryfall.io/png/front/c/f/cf977357-e13d-4c67-ae53-397adf55131e.png,65.690000000000000000000000000000,,,,36b30cbe-fb55-4861-a5f3-71999ad39969,false,https://tcgplayer.com/product/528291?Condition=Near%20Mint&Printing=Foil&Language=English,"[{""name"":""Condition"",""value"":""Near Mint""},{""name"":""Language"",""value"":""English""},{""name"":""Number"",""value"":""1492""},{""name"":""Printing"",""value"":""Foil""},{""name"":""Set"",""value"":""SLD: Secret Lair Drop Series""}]"
36b30cbe-fb55-4861-a5f3-71999ad39969,2024-07-31T20:55:40.597Z,6fe13691-b9b8-4672-ba51-48382a01f94e,f1827a3b-6a32-485b-9045-2f5bd25b2654,Delighted Halfling (Showcase Scrolls),Showcase Exhibit: LOTR Scrolls!,https://cards.scryfall.io/png/front/7/d/7db50dae-5d50-4682-8fe4-beb48be103c2.png,23.330000000000000000000000000000,,,,36b30cbe-fb55-4861-a5f3-71999ad39969,false,https://tcgplayer.com/product/526074?Condition=Near%20Mint&Printing=Normal&Language=English,"[{""name"":""Condition"",""value"":""Lightly Played+""},{""name"":""Language"",""value"":""English""},{""name"":""Number"",""value"":""609""},{""name"":""Printing"",""value"":""Non Foil""},{""name"":""Set"",""value"":""LTR: Universes Beyond: The Lord of the Rings: Tales of Middle-earth""}]"
6921541a-2bd4-48dc-9a45-c37cb7e15e66,2024-08-02T08:29:55.307Z,928e989c-d239-4493-bdce-607b00b47364,1d605584-20e7-4c7b-b07b-f628bc6e7017,Champion's Path Elite Trainer Box!,Elite Trainers Only!,https://pullbox.retool.com/api/file/90a6cd04-0ce5-4e91-81d4-38100f498808,182.500000000000000000000000000000,,,,6921541a-2bd4-48dc-9a45-c37cb7e15e66,false,,"[{""name"":""Condition"",""value"":""Sealed""},{""name"":""Printing"",""value"":""Elite Trainer Box""},{""name"":""Set"",""value"":""Champion's Path""}]"
6921541a-2bd4-48dc-9a45-c37cb7e15e66,2024-08-02T08:29:55.307Z,d1dbb2bb-af95-42ae-9fb6-8d8a946b5a77,ce25757c-5315-4ee1-bf0b-249d4dbe126e,Burning Shadows Elite Trainer Box!,Elite Trainers Only!,https://pullbox.retool.com/api/file/4b0f4e92-dce1-4285-8366-b229b3f22943,182.500000000000000000000000000000,,,,6921541a-2bd4-48dc-9a45-c37cb7e15e66,false,,"[{""name"":""Condition"",""value"":""Sealed""},{""name"":""Printing"",""value"":""Elite Trainer Box""},{""name"":""Set"",""value"":""Burning Shadows""}]"
93ce1b50-335a-467d-9fac-948c88da12a1,2024-08-02T00:01:50.756Z,4567d529-a441-440f-a332-a6191967db3b,109cf829-6b0e-4b24-ae9e-1ee1c8404f35,Scarlet & Violet - Booster Pack!,Welcome to Paldea!,https://pullbox.retool.com/api/file/d5d295a8-755e-491c-9b87-6e8142174833,4.720000000000000000000000000000,,,,93ce1b50-335a-467d-9fac-948c88da12a1,false,,"[{""name"":""Condition"",""value"":""Sealed""},{""name"":""Printing"",""value"":""Booster""},{""name"":""Set"",""value"":""Scarlet & Violet""}]"
93ce1b50-335a-467d-9fac-948c88da12a1,2024-08-02T00:01:50.756Z,ea957ea7-da20-4b73-be9b-71b935fd7c64,109cf829-6b0e-4b24-ae9e-1ee1c8404f35,Scarlet & Violet - Booster Pack!,Welcome to Paldea!,https://pullbox.retool.com/api/file/d5d295a8-755e-491c-9b87-6e8142174833,4.720000000000000000000000000000,,,,93ce1b50-335a-467d-9fac-948c88da12a1,false,,"[{""name"":""Condition"",""value"":""Sealed""},{""name"":""Printing"",""value"":""Booster""},{""name"":""Set"",""value"":""Scarlet & Violet""}]"
93ce1b50-335a-467d-9fac-948c88da12a1,2024-08-02T00:01:50.756Z,81676a34-48a4-4786-8ee1-665d9f4b9cb4,109cf829-6b0e-4b24-ae9e-1ee1c8404f35,Scarlet & Violet - Booster Pack!,Welcome to Paldea!,https://pullbox.retool.com/api/file/d5d295a8-755e-491c-9b87-6e8142174833,4.720000000000000000000000000000,,,,93ce1b50-335a-467d-9fac-948c88da12a1,false,,"[{""name"":""Condition"",""value"":""Sealed""},{""name"":""Printing"",""value"":""Booster""},{""name"":""Set"",""value"":""Scarlet & Violet""}]"
93ce1b50-335a-467d-9fac-948c88da12a1,2024-08-02T00:01:50.756Z,e810f02b-c2e9-47be-8f6f-00e9eff54b8b,109cf829-6b0e-4b24-ae9e-1ee1c8404f35,Scarlet & Violet - Booster Pack!,Welcome to Paldea!,https://pullbox.retool.com/api/file/d5d295a8-755e-491c-9b87-6e8142174833,4.720000000000000000000000000000,,,,93ce1b50-335a-467d-9fac-948c88da12a1,false,,"[{""name"":""Condition"",""value"":""Sealed""},{""name"":""Printing"",""value"":""Booster""},{""name"":""Set"",""value"":""Scarlet & Violet""}]"
93ce1b50-335a-467d-9fac-948c88da12a1,2024-08-02T00:01:50.756Z,dcaf3fd6-d84c-409f-82f7-4f78c3affd7d,5c2141bf-fce2-420f-98b1-e4408b3213c7,Paradox Rift - Booster Pack!,Welcome to Paldea!,https://pullbox.retool.com/api/file/e3d1a3e7-b672-4ab8-9e53-129983822d70,5.520000000000000000000000000000,,,,93ce1b50-335a-467d-9fac-948c88da12a1,false,,"[{""name"":""Condition"",""value"":""Sealed""},{""name"":""Printing"",""value"":""Booster""},{""name"":""Set"",""value"":""Paradox Rift""}]"
93ce1b50-335a-467d-9fac-948c88da12a1,2024-08-02T00:01:50.756Z,84f372f7-8cce-4a57-b806-04e210fd3139,5c2141bf-fce2-420f-98b1-e4408b3213c7,Paradox Rift - Booster Pack!,Welcome to Paldea!,https://pullbox.retool.com/api/file/e3d1a3e7-b672-4ab8-9e53-129983822d70,5.520000000000000000000000000000,,,,93ce1b50-335a-467d-9fac-948c88da12a1,false,,"[{""name"":""Condition"",""value"":""Sealed""},{""name"":""Printing"",""value"":""Booster""},{""name"":""Set"",""value"":""Paradox Rift""}]"
93ce1b50-335a-467d-9fac-948c88da12a1,2024-08-02T00:01:50.756Z,06a965d5-4780-456e-931d-ea1fdfd938fc,5c2141bf-fce2-420f-98b1-e4408b3213c7,Paradox Rift - Booster Pack!,Welcome to Paldea!,https://pullbox.retool.com/api/file/e3d1a3e7-b672-4ab8-9e53-129983822d70,5.520000000000000000000000000000,,,,93ce1b50-335a-467d-9fac-948c88da12a1,false,,"[{""name"":""Condition"",""value"":""Sealed""},{""name"":""Printing"",""value"":""Booster""},{""name"":""Set"",""value"":""Paradox Rift""}]"
93ce1b50-335a-467d-9fac-948c88da12a1,2024-08-02T00:01:50.756Z,b334b999-d588-45a7-a83a-82d4a6c368db,5c2141bf-fce2-420f-98b1-e4408b3213c7,Paradox Rift - Booster Pack!,Welcome to Paldea!,https://pullbox.retool.com/api/file/e3d1a3e7-b672-4ab8-9e53-129983822d70,5.520000000000000000000000000000,,,,93ce1b50-335a-467d-9fac-948c88da12a1,false,,"[{""name"":""Condition"",""value"":""Sealed""},{""name"":""Printing"",""value"":""Booster""},{""name"":""Set"",""value"":""Paradox Rift""}]"
93ce1b50-335a-467d-9fac-948c88da12a1,2024-08-02T00:01:50.756Z,b9f57cae-0cc5-40a5-8ccc-c194aadd3447,5c2141bf-fce2-420f-98b1-e4408b3213c7,Paradox Rift - Booster Pack!,Welcome to Paldea!,https://pullbox.retool.com/api/file/e3d1a3e7-b672-4ab8-9e53-129983822d70,5.520000000000000000000000000000,,,,93ce1b50-335a-467d-9fac-948c88da12a1,false,,"[{""name"":""Condition"",""value"":""Sealed""},{""name"":""Printing"",""value"":""Booster""},{""name"":""Set"",""value"":""Paradox Rift""}]"
93ce1b50-335a-467d-9fac-948c88da12a1,2024-08-02T00:01:50.756Z,cea1b5f5-67e3-4155-82c7-23edd6c12194,5c2141bf-fce2-420f-98b1-e4408b3213c7,Paradox Rift - Booster Pack!,Welcome to Paldea!,https://pullbox.retool.com/api/file/e3d1a3e7-b672-4ab8-9e53-129983822d70,5.520000000000000000000000000000,,,,93ce1b50-335a-467d-9fac-948c88da12a1,false,,"[{""name"":""Condition"",""value"":""Sealed""},{""name"":""Printing"",""value"":""Booster""},{""name"":""Set"",""value"":""Paradox Rift""}]"
93ce1b50-335a-467d-9fac-948c88da12a1,2024-08-02T00:01:50.756Z,4904814f-90d0-4827-a8f4-5d4c5fc0e3c1,ac372da6-9605-4a99-957f-1091fba47206,Twilight Masquerade - Booster Pack!,Welcome to Paldea!,https://pullbox.retool.com/api/file/049892d4-c5c9-4794-8fad-8c90ede94670,6.940000000000000000000000000000,,,,93ce1b50-335a-467d-9fac-948c88da12a1,false,,"[{""name"":""Condition"",""value"":""Sealed""},{""name"":""Printing"",""value"":""Booster""},{""name"":""Set"",""value"":""Twilight Masquerade""}]"
93ce1b50-335a-467d-9fac-948c88da12a1,2024-08-02T00:01:50.756Z,d0e74cb7-4507-4aba-aef6-62d44eca327e,cfc597db-7142-42ab-8946-7c85a247a41b,Paldea Evolved - Booster Pack!,Welcome to Paldea!,https://pullbox.retool.com/api/file/ffabef30-c6f7-40b1-bac8-aa75b207f753,6.010000000000000000000000000000,,,,93ce1b50-335a-467d-9fac-948c88da12a1,false,,"[{""name"":""Condition"",""value"":""Sealed""},{""name"":""Printing"",""value"":""Booster""},{""name"":""Set"",""value"":""Paldea Evolved""}]"
a2da4da8-7c43-4c60-9ef1-686a01329a51,2024-08-02T11:44:54.087Z,8cb93fdf-6319-4a82-990e-1a6df227cd84,21590aaf-bcb0-41b6-bdec-56de6cb908dc,Marshadow & Machamp-GX,My (Secret) Pokemon 2!,https://images.pokemontcg.io/sm10/221_hires.png,42.860000000000000000000000000000,,,,a2da4da8-7c43-4c60-9ef1-686a01329a51,false,https://prices.pokemontcg.io/tcgplayer/sm10-221,"[{""name"":""Condition"",""value"":""Near Mint""},{""name"":""Language"",""value"":""English""},{""name"":""Number"",""value"":""221""},{""name"":""Printing"",""value"":""Holofoil""},{""name"":""Set"",""value"":""SM10: Unbroken Bonds""}]"
a2da4da8-7c43-4c60-9ef1-686a01329a51,2024-08-02T11:44:54.087Z,cc2feb11-d38a-4aa7-bb63-f80f313cac34,2fb77bee-e11c-409d-99d0-5a11a191c8d8,Marshadow & Machamp-GX,Tag Team Debut!,https://images.pokemontcg.io/sm10/198_hires.png,39.720000000000000000000000000000,,,,a2da4da8-7c43-4c60-9ef1-686a01329a51,false,https://prices.pokemontcg.io/tcgplayer/sm10-198,"[{""name"":""Condition"",""value"":""Near Mint""},{""name"":""Language"",""value"":""English""},{""name"":""Number"",""value"":""198""},{""name"":""Printing"",""value"":""Holofoil""},{""name"":""Set"",""value"":""SM10: Unbroken Bonds""}]"
a2da4da8-7c43-4c60-9ef1-686a01329a51,2024-08-02T11:44:54.087Z,d5710807-e50f-4ed8-9b47-92fd0a09b213,374cae11-86a0-433c-99bb-70d11d797a49,Tapu Fini-GX,"I Choose You, Tapu!",https://images.pokemontcg.io/sm3/152_hires.png,12.660000000000000000000000000000,,,,a2da4da8-7c43-4c60-9ef1-686a01329a51,false,https://prices.pokemontcg.io/tcgplayer/sm3-152,"[{""name"":""Condition"",""value"":""Near Mint""},{""name"":""Language"",""value"":""English""},{""name"":""Number"",""value"":""152""},{""name"":""Printing"",""value"":""Holofoil""},{""name"":""Set"",""value"":""SM3: Burning Shadows""}]"
a2da4da8-7c43-4c60-9ef1-686a01329a51,2024-08-02T11:44:54.087Z,62869339-d212-40ad-b2c7-270d5d5d6bac,42428dbb-8c52-4ecd-a0f0-9e8ff230f16d,Single Strike Urshifu V,Artist Spotlight: Kawayoo!,https://images.pokemontcg.io/swsh5/151_hires.png,33.650000000000000000000000000000,,,,a2da4da8-7c43-4c60-9ef1-686a01329a51,false,https://prices.pokemontcg.io/tcgplayer/swsh5-151,"[{""name"":""Condition"",""value"":""Near Mint""},{""name"":""Language"",""value"":""English""},{""name"":""Number"",""value"":""151""},{""name"":""Printing"",""value"":""Holofoil""},{""name"":""Set"",""value"":""SWSH5: Battle Styles""}]"
a2da4da8-7c43-4c60-9ef1-686a01329a51,2024-08-02T11:44:54.087Z,c3ddc6aa-593d-46fb-958a-931c821b17f3,5a4f42c6-5fb6-4c85-a348-78fc7680021a,Lucario & Melmetal-GX,Tag Team Champions!,https://images.pokemontcg.io/smp/SM192_hires.png,17.600000000000000000000000000000,,,,a2da4da8-7c43-4c60-9ef1-686a01329a51,false,https://prices.pokemontcg.io/tcgplayer/smp-SM192,"[{""name"":""Condition"",""value"":""Near Mint""},{""name"":""Language"",""value"":""English""},{""name"":""Number"",""value"":""SM192""},{""name"":""Printing"",""value"":""Holofoil""},{""name"":""Set"",""value"":""SMP: SM Black Star Promos""}]"
a2da4da8-7c43-4c60-9ef1-686a01329a51,2024-08-02T11:44:54.087Z,52722846-83b9-42f7-ac84-a94fc1870bfb,9303fa59-6eb7-427a-83fb-9ad142db9021,Pikachu & Zekrom-GX,Artist Spotlight: Kawayoo!,https://images.pokemontcg.io/smp/SM168_hires.png,45.670000000000000000000000000000,,,,a2da4da8-7c43-4c60-9ef1-686a01329a51,false,https://prices.pokemontcg.io/tcgplayer/smp-SM168,"[{""name"":""Condition"",""value"":""Near Mint""},{""name"":""Language"",""value"":""English""},{""name"":""Number"",""value"":""SM168""},{""name"":""Printing"",""value"":""Holofoil""},{""name"":""Set"",""value"":""SMP: SM Black Star Promos""}]"
a2da4da8-7c43-4c60-9ef1-686a01329a51,2024-08-02T11:44:54.087Z,5d9a55a1-3b4d-4612-bae8-36450a14cf76,c0b61ce2-dca2-48d9-adf5-01a5c1981ed3,Pheromosa & Buzzwole-GX,Tag Team Secrets!,https://images.pokemontcg.io/sm10/215_hires.png,21.090000000000000000000000000000,,,,a2da4da8-7c43-4c60-9ef1-686a01329a51,false,https://prices.pokemontcg.io/tcgplayer/sm10-215,"[{""name"":""Condition"",""value"":""Near Mint""},{""name"":""Language"",""value"":""English""},{""name"":""Number"",""value"":""215""},{""name"":""Printing"",""value"":""Holofoil""},{""name"":""Set"",""value"":""SM10: Unbroken Bonds""}]"
a2da4da8-7c43-4c60-9ef1-686a01329a51,2024-08-02T11:44:54.087Z,7dea4958-c9ae-4acc-889e-43f4d5a87068,ec8392f7-4575-448c-b37a-faa8e40e934f,Muk & Alolan Muk-GX,Tag Team Secrets!,https://images.pokemontcg.io/sm10/220_hires.png,27.080000000000000000000000000000,,,,a2da4da8-7c43-4c60-9ef1-686a01329a51,false,https://prices.pokemontcg.io/tcgplayer/sm10-220,"[{""name"":""Condition"",""value"":""Near Mint""},{""name"":""Language"",""value"":""English""},{""name"":""Number"",""value"":""220""},{""name"":""Printing"",""value"":""Holofoil""},{""name"":""Set"",""value"":""SM10: Unbroken Bonds""}]"
a2da4da8-7c43-4c60-9ef1-686a01329a51,2024-08-02T11:44:54.087Z,f9f99d06-bc36-4f33-aa95-cd74b4d87ae4,ef2800ab-069a-469e-84bb-583281811fd6,Mega Sableye & Tyranitar-GX,Tag Team Debut!,https://images.pokemontcg.io/sm11/225_hires.png,23.840000000000000000000000000000,,,,a2da4da8-7c43-4c60-9ef1-686a01329a51,false,https://prices.pokemontcg.io/tcgplayer/sm11-225,"[{""name"":""Condition"",""value"":""Near Mint""},{""name"":""Language"",""value"":""English""},{""name"":""Number"",""value"":""225""},{""name"":""Printing"",""value"":""Holofoil""},{""name"":""Set"",""value"":""SM11: Unified Minds""}]"
aa391307-08c3-4fa6-9de3-e38763ed4f2c,2024-07-31T19:43:15.571Z,857a6126-1014-4bd2-ac98-3e28af0355c3,00cfd238-4b72-43c3-8170-4cbf650a1527,Gilded Lotus,Lotus Soup,https://cards.scryfall.io/png/front/e/e/eea7554e-be86-4d0f-8e80-0ccb4c2cd2f1.png,2.860000000000000000000000000000,,,,aa391307-08c3-4fa6-9de3-e38763ed4f2c,false,https://tcgplayer.com/product/505595?Condition=Near%20Mint&Printing=Normal&Language=English,"[{""name"":""Condition"",""value"":""Near Mint""},{""name"":""Language"",""value"":""English""},{""name"":""Number"",""value"":""387""},{""name"":""Printing"",""value"":""Non Foil""},{""name"":""Set"",""value"":""CMM: Commander Masters""}]"
aa391307-08c3-4fa6-9de3-e38763ed4f2c,2024-07-31T19:43:15.571Z,047886b5-1ca6-453d-81d0-79a4ca48c562,00edba63-afca-4da9-b865-63b871b25cbc,Lotus Bloom,Lotus Soup,https://cards.scryfall.io/png/front/d/b/db89ae4d-1cc2-41d8-a4de-a54b958c4429.png,3.960000000000000000000000000000,,,,aa391307-08c3-4fa6-9de3-e38763ed4f2c,false,https://tcgplayer.com/product/234341?Condition=Near%20Mint&Printing=Normal&Language=English,"[{""name"":""Condition"",""value"":""Near Mint""},{""name"":""Language"",""value"":""English""},{""name"":""Number"",""value"":""270""},{""name"":""Printing"",""value"":""Non Foil""},{""name"":""Set"",""value"":""TSR: Time Spiral: Remastered""}]"
aa391307-08c3-4fa6-9de3-e38763ed4f2c,2024-07-31T19:43:15.571Z,0fbb2402-0c89-4e3b-8557-42e08b599f0f,16329af6-7cd2-4c89-8df8-da98c6119e3d,Lotus Ring,Lotus Soup,https://cards.scryfall.io/png/front/0/2/02267717-66e0-41f7-8009-75586a4aa4be.png,2.340000000000000000000000000000,,,,aa391307-08c3-4fa6-9de3-e38763ed4f2c,false,https://tcgplayer.com/product/544934?Condition=Near%20Mint&Printing=Normal&Language=English,"[{""name"":""Condition"",""value"":""Near Mint""},{""name"":""Language"",""value"":""English""},{""name"":""Number"",""value"":""24""},{""name"":""Printing"",""value"":""Non Foil""},{""name"":""Set"",""value"":""BIG: Outlaws of Thunder Junction: The Big Score""}]"
aa391307-08c3-4fa6-9de3-e38763ed4f2c,2024-07-31T19:43:15.571Z,689fb01f-167d-40ba-b5d8-65fb106060d0,16329af6-7cd2-4c89-8df8-da98c6119e3d,Lotus Ring,Lotus Soup,https://cards.scryfall.io/png/front/0/2/02267717-66e0-41f7-8009-75586a4aa4be.png,2.340000000000000000000000000000,,,,aa391307-08c3-4fa6-9de3-e38763ed4f2c,false,https://tcgplayer.com/product/544934?Condition=Near%20Mint&Printing=Normal&Language=English,"[{""name"":""Condition"",""value"":""Near Mint""},{""name"":""Language"",""value"":""English""},{""name"":""Number"",""value"":""24""},{""name"":""Printing"",""value"":""Non Foil""},{""name"":""Set"",""value"":""BIG: Outlaws of Thunder Junction: The Big Score""}]"
aa391307-08c3-4fa6-9de3-e38763ed4f2c,2024-07-31T19:43:15.571Z,a40d38e8-c143-4a92-88ab-974b345d090a,25408438-adf7-4ac3-a013-04fc2796c430,Hot Soup,Boxed Soup!,https://cards.scryfall.io/png/front/c/c/cc46f4b0-1992-4060-8f21-643698d476f7.png,0.420000000000000000000000000000,,,,aa391307-08c3-4fa6-9de3-e38763ed4f2c,false,https://tcgplayer.com/product/91038?Condition=Near%20Mint&Printing=Normal&Language=English,"[{""name"":""Condition"",""value"":""Near Mint""},{""name"":""Language"",""value"":""English""},{""name"":""Number"",""value"":""219""},{""name"":""Printing"",""value"":""Non Foil""},{""name"":""Set"",""value"":""M15: Magic 2015 (M15)""}]"
aa391307-08c3-4fa6-9de3-e38763ed4f2c,2024-07-31T19:43:15.571Z,ed12629b-cc33-424e-9229-8747dbf5e3c8,32efc69e-1322-4a79-a5f3-76260c3b967e,Arbor Elf,Best 1 Drops of All Time (Creatures),https://cards.scryfall.io/png/front/4/b/4b81165e-f091-4211-8b47-5ea6868b0d4c.png,0.470000000000000000000000000000,,,,aa391307-08c3-4fa6-9de3-e38763ed4f2c,false,https://tcgplayer.com/product/161851?Condition=Near%20Mint&Printing=Normal&Language=English,"[{""name"":""Condition"",""value"":""Near Mint""},{""name"":""Language"",""value"":""English""},{""name"":""Number"",""value"":""160""},{""name"":""Printing"",""value"":""Non Foil""},{""name"":""Set"",""value"":""A25: Masters 25""}]"
aa391307-08c3-4fa6-9de3-e38763ed4f2c,2024-07-31T19:43:15.571Z,0205a7a7-a0cc-434a-839a-2981848c229f,34b0c25c-6c8a-4691-9cf6-df952751f76b,Lotus Guardian,Lotus Soup,https://cards.scryfall.io/png/front/d/d/ddfc6396-5377-4ab3-9c10-8abcdeae2aa1.png,0.640000000000000000000000000000,,,,aa391307-08c3-4fa6-9de3-e38763ed4f2c,false,https://tcgplayer.com/product/7549?Condition=Near%20Mint&Printing=Normal&Language=English,"[{""name"":""Condition"",""value"":""Near Mint""},{""name"":""Language"",""value"":""English""},{""name"":""Number"",""value"":""305""},{""name"":""Printing"",""value"":""Non Foil""},{""name"":""Set"",""value"":""INV: Invasion""}]"
aa391307-08c3-4fa6-9de3-e38763ed4f2c,2024-07-31T19:43:15.571Z,a376bbc0-e708-4644-a523-57fdcfe15273,34b0c25c-6c8a-4691-9cf6-df952751f76b,Lotus Guardian,Lotus Soup,https://cards.scryfall.io/png/front/d/d/ddfc6396-5377-4ab3-9c10-8abcdeae2aa1.png,0.640000000000000000000000000000,,,,aa391307-08c3-4fa6-9de3-e38763ed4f2c,false,https://tcgplayer.com/product/7549?Condition=Near%20Mint&Printing=Normal&Language=English,"[{""name"":""Condition"",""value"":""Near Mint""},{""name"":""Language"",""value"":""English""},{""name"":""Number"",""value"":""305""},{""name"":""Printing"",""value"":""Non Foil""},{""name"":""Set"",""value"":""INV: Invasion""}]"
aa391307-08c3-4fa6-9de3-e38763ed4f2c,2024-07-31T19:43:15.571Z,c2745935-f389-40c0-a102-29745e11ee3a,34b0c25c-6c8a-4691-9cf6-df952751f76b,Lotus Guardian,Lotus Soup,https://cards.scryfall.io/png/front/d/d/ddfc6396-5377-4ab3-9c10-8abcdeae2aa1.png,0.640000000000000000000000000000,,,,aa391307-08c3-4fa6-9de3-e38763ed4f2c,false,https://tcgplayer.com/product/7549?Condition=Near%20Mint&Printing=Normal&Language=English,"[{""name"":""Condition"",""value"":""Near Mint""},{""name"":""Language"",""value"":""English""},{""name"":""Number"",""value"":""305""},{""name"":""Printing"",""value"":""Non Foil""},{""name"":""Set"",""value"":""INV: Invasion""}]"
aa391307-08c3-4fa6-9de3-e38763ed4f2c,2024-07-31T19:43:15.571Z,1eae5c77-591e-40a0-aaa4-967e9c96905e,58f7bf6e-1629-4b6f-ad81-811f102580bc,Lotus Path Djinn,Lotus Soup,https://cards.scryfall.io/png/front/1/9/197ec248-70d9-47f4-a53b-99b23f021116.png,0.070000000000000010000000000000,,,,aa391307-08c3-4fa6-9de3-e38763ed4f2c,false,https://tcgplayer.com/product/95389?Condition=Near%20Mint&Printing=Normal&Language=English,"[{""name"":""Condition"",""value"":""Near Mint""},{""name"":""Language"",""value"":""English""},{""name"":""Number"",""value"":""39""},{""name"":""Printing"",""value"":""Non Foil""},{""name"":""Set"",""value"":""FRF: Fate Reforged""}]"
aa391307-08c3-4fa6-9de3-e38763ed4f2c,2024-07-31T19:43:15.571Z,115b09da-ea20-4abe-8490-f3337b64c012,abca2f79-8ae1-43be-b72d-c9f466bb45b8,Lotus Field,Lotus Soup,https://cards.scryfall.io/png/front/0/e/0e013033-3995-4ba8-b0c3-0614c79aaaab.png,9.460000000000001000000000000000,,,,aa391307-08c3-4fa6-9de3-e38763ed4f2c,false,https://tcgplayer.com/product/192640?Condition=Near%20Mint&Printing=Normal&Language=English,"[{""name"":""Condition"",""value"":""Near Mint""},{""name"":""Language"",""value"":""English""},{""name"":""Number"",""value"":""249""},{""name"":""Printing"",""value"":""Non Foil""},{""name"":""Set"",""value"":""M20: Core Set 2020""}]"
aa391307-08c3-4fa6-9de3-e38763ed4f2c,2024-07-31T19:43:15.571Z,923e066c-1c2f-4e0a-87ff-b05beb7210d1,beefc1d3-2d1c-4871-b138-385a01e23adc,Nyx Lotus,Lotus Soup,https://cards.scryfall.io/png/front/5/b/5bd6353f-d119-40e6-895c-030a11a7a2fe.png,8.760000000000000000000000000000,,,,aa391307-08c3-4fa6-9de3-e38763ed4f2c,false,https://tcgplayer.com/product/206648?Condition=Near%20Mint&Printing=Normal&Language=English,"[{""name"":""Condition"",""value"":""Near Mint""},{""name"":""Language"",""value"":""English""},{""name"":""Number"",""value"":""235""},{""name"":""Printing"",""value"":""Non Foil""},{""name"":""Set"",""value"":""THB: Theros Beyond Death""}]"
aa391307-08c3-4fa6-9de3-e38763ed4f2c,2024-07-31T19:43:15.571Z,b39abc38-8c48-40b5-b1bb-0dac5e7bb256,def6e4d7-e9ad-4918-81df-7542892c1588,Blazing Rootwalla,Best 1 Drops of All Time (Creatures),https://cards.scryfall.io/png/front/4/f/4fb3e1d1-ab89-4bdc-8a34-fc45fa477419.png,0.260000000000000000000000000000,,,,aa391307-08c3-4fa6-9de3-e38763ed4f2c,false,https://tcgplayer.com/product/549566?Condition=Near%20Mint&Printing=Normal&Language=English,"[{""name"":""Condition"",""value"":""Near Mint""},{""name"":""Language"",""value"":""English""},{""name"":""Number"",""value"":""24""},{""name"":""Printing"",""value"":""Non Foil""},{""name"":""Set"",""value"":""GAME: Game Day & Store Championship Promos""}]"
aa391307-08c3-4fa6-9de3-e38763ed4f2c,2024-07-31T19:43:15.571Z,512211d2-b239-4cc3-9fb9-5281bf1a3eeb,e1bd2c94-1ed7-4e2d-adbe-b9e68db84af3,Lotus-Eye Mystics,Lotus Soup,https://cards.scryfall.io/png/front/e/8/e8bf97a0-2b90-4006-8a54-7795dbc0dba1.png,0.040000000000000000000000000000,,,,aa391307-08c3-4fa6-9de3-e38763ed4f2c,false,https://tcgplayer.com/product/95368?Condition=Near%20Mint&Printing=Normal&Language=English,"[{""name"":""Condition"",""value"":""Near Mint""},{""name"":""Language"",""value"":""English""},{""name"":""Number"",""value"":""17""},{""name"":""Printing"",""value"":""Non Foil""},{""name"":""Set"",""value"":""FRF: Fate Reforged""}]"
aa391307-08c3-4fa6-9de3-e38763ed4f2c,2024-07-31T19:43:15.571Z,eff4e517-8943-4eda-89c1-37c2e4d97c57,f1935813-aecc-4bd5-ac5d-34bbe38e3183,Lotus Blossom,Lotus Soup,https://cards.scryfall.io/png/front/c/5/c5b92fd6-e3a7-4d50-b94f-1508a830b799.png,0.200000000000000000000000000000,,,,aa391307-08c3-4fa6-9de3-e38763ed4f2c,false,https://tcgplayer.com/product/457273?Condition=Near%20Mint&Printing=Normal&Language=English,"[{""name"":""Condition"",""value"":""Near Mint""},{""name"":""Language"",""value"":""English""},{""name"":""Number"",""value"":""230""},{""name"":""Printing"",""value"":""Non Foil""},{""name"":""Set"",""value"":""DMR: Dominaria Remastered""}]"
be5a064e-f3b2-48f7-8c63-389b0108a1ca,2024-08-02T10:00:48.509Z,62804245-2471-4099-b505-c7d8a91c8055,992a6eb6-4cbe-4e17-997c-642e56a075f0,Iron Hands ex,Top Shelf Paradox Rift,https://images.pokemontcg.io/sv4/248_hires.png,42.500000000000000000000000000000,,,,be5a064e-f3b2-48f7-8c63-389b0108a1ca,false,https://prices.pokemontcg.io/tcgplayer/sv4-248,"[{""name"":""Condition"",""value"":""Near Mint""},{""name"":""Language"",""value"":""English""},{""name"":""Number"",""value"":""248""},{""name"":""Printing"",""value"":""Holofoil""},{""name"":""Set"",""value"":""SV4: Paradox Rift""}]"
c8caa5a7-7980-491f-8ca4-721d0bb3ed5d,2024-07-31T22:48:15.919Z,ad56e06a-6267-41b6-b79f-23af9a482013,05208d57-1f18-43bc-832a-f461d5bae105,Mountain (269) - Full Art,Dual or Bust!,https://cards.scryfall.io/png/front/3/c/3cecf0db-0e0e-4329-b055-bb9dad912ca8.png?1562909326,0.310000000000000000000000000000,,,,c8caa5a7-7980-491f-8ca4-721d0bb3ed5d,false,https://tcgplayer.com/product/104400?Condition=Near%20Mint&Printing=Normal&Language=English,"[{""name"":""Condition"",""value"":""Near Mint""},{""name"":""Language"",""value"":""English""},{""name"":""Number"",""value"":""269""},{""name"":""Printing"",""value"":""Non Foil""},{""name"":""Set"",""value"":""BFZ: Battle for Zendikar""}]"
c8caa5a7-7980-491f-8ca4-721d0bb3ed5d,2024-07-31T22:48:15.919Z,5b359652-39c1-47b1-97ba-e7a8eb628377,0bf2ebbc-9ed5-4a64-aa99-bb7022e0f57b,"Ramos, Dragon Engine (Foil Etched)","Do You Even Tribal, Bro? (Dragons)",https://cards.scryfall.io/png/front/5/8/5865c39e-847e-4dc6-8e6c-a4200124f21f.png,7.740000000000000000000000000000,,,,c8caa5a7-7980-491f-8ca4-721d0bb3ed5d,false,https://tcgplayer.com/product/undefined?Condition=Near%20Mint&Printing=Foil&Language=English,"[{""name"":""Condition"",""value"":""Near Mint""},{""name"":""Language"",""value"":""English""},{""name"":""Number"",""value"":""545""},{""name"":""Printing"",""value"":""Foil""},{""name"":""Set"",""value"":""CMR: Commander Legends""}]"
c8caa5a7-7980-491f-8ca4-721d0bb3ed5d,2024-07-31T22:48:15.919Z,ecd3cf88-976f-4845-b75a-5e6047c575fc,26927f5a-ce39-4c2b-ac43-db15e10202f3,Stone of Erech (Showcase Scrolls),Showcase Exhibit: LOTR Scrolls!,https://cards.scryfall.io/png/front/8/d/8dc88eab-71c4-48f9-984c-64a70fb68bfe.png,0.960000000000000000000000000000,,,,c8caa5a7-7980-491f-8ca4-721d0bb3ed5d,false,https://tcgplayer.com/product/518140?Condition=Near%20Mint&Printing=Normal&Language=English,"[{""name"":""Condition"",""value"":""Near Mint""},{""name"":""Language"",""value"":""English""},{""name"":""Number"",""value"":""702""},{""name"":""Printing"",""value"":""Non Foil""},{""name"":""Set"",""value"":""LTR: Universes Beyond: The Lord of the Rings: Tales of Middle-earth""}]"
c8caa5a7-7980-491f-8ca4-721d0bb3ed5d,2024-07-31T22:48:15.919Z,43899648-bf7a-4635-b7bd-e5d72e0eadda,449e78d2-4642-42ad-ac9c-71b0572739da,"Lathliss, Dragon Queen","Do You Even Tribal, Bro? (Dragons)",https://cards.scryfall.io/png/front/1/7/17373240-6edf-4b51-a6a8-7fe4f718a51e.png,9.050000000000001000000000000000,,,,c8caa5a7-7980-491f-8ca4-721d0bb3ed5d,false,https://tcgplayer.com/product/275172?Condition=Near%20Mint&Printing=Normal&Language=English,"[{""name"":""Condition"",""value"":""Near Mint""},{""name"":""Language"",""value"":""English""},{""name"":""Number"",""value"":""41""},{""name"":""Printing"",""value"":""Non Foil""},{""name"":""Set"",""value"":""LIST: The List Reprints""}]"
c8caa5a7-7980-491f-8ca4-721d0bb3ed5d,2024-07-31T22:48:15.919Z,7ce50525-2a88-4423-ab6a-876db54b51cd,5276abba-d6bd-41c0-aee6-1cda5120397e,Entomb (Invocation),Power & Luxury,https://cards.scryfall.io/png/front/4/6/466d6254-4d5c-4f66-a018-eb4a3ec1881c.png?1562909283,96.200000000000000000000000000000,,,,c8caa5a7-7980-491f-8ca4-721d0bb3ed5d,false,https://tcgplayer.com/product/129564?Condition=Near%20Mint&Printing=Foil&Language=English,"[{""name"":""Condition"",""value"":""Near Mint""},{""name"":""Language"",""value"":""English""},{""name"":""Number"",""value"":""23""},{""name"":""Printing"",""value"":""Foil""},{""name"":""Set"",""value"":""MPS2: Masterpiece Series: Amonkhet Invocations""}]"
c8caa5a7-7980-491f-8ca4-721d0bb3ed5d,2024-07-31T22:48:15.919Z,acfa1120-226e-45b6-b4fa-658687901e69,54551661-f644-47a5-bd40-6674b8e77d75,Lightning Bolt (JP Alternate Art),"Oops, All Bolts!",https://cards.scryfall.io/png/front/b/1/b14fae63-2e82-49c1-8e62-d84a65f27479.png?1638109702,23.350000000000000000000000000000,,,,c8caa5a7-7980-491f-8ca4-721d0bb3ed5d,false,https://tcgplayer.com/product/235146?Condition=Near%20Mint&Printing=Normal&Language=English,"[{""name"":""Condition"",""value"":""Near Mint""},{""name"":""Language"",""value"":""English""},{""name"":""Number"",""value"":""105""},{""name"":""Printing"",""value"":""Non Foil""},{""name"":""Set"",""value"":""STA: Strixhaven: Mystical Archives""}]"
c8caa5a7-7980-491f-8ca4-721d0bb3ed5d,2024-07-31T22:48:15.919Z,96305538-f37a-4137-952e-f52734feb996,554bf1b7-dcea-4d4d-bd50-f4f81748b5a9,Worldly Tutor (Borderless),Top 100 Commander Showdown,https://cards.scryfall.io/png/front/1/6/16b4d0a8-3270-4e53-9f1d-90f995c3b712.png,21.200000000000000000000000000000,,,,c8caa5a7-7980-491f-8ca4-721d0bb3ed5d,false,https://tcgplayer.com/product/457276?Condition=Near%20Mint&Printing=Normal&Language=English,"[{""name"":""Condition"",""value"":""Near Mint""},{""name"":""Language"",""value"":""English""},{""name"":""Number"",""value"":""442""},{""name"":""Printing"",""value"":""Non Foil""},{""name"":""Set"",""value"":""DMR: Dominaria Remastered""}]"
c8caa5a7-7980-491f-8ca4-721d0bb3ed5d,2024-07-31T22:48:15.919Z,ca8101da-2993-45da-9c15-7e1b439a2f3b,739708a4-ad6a-49a1-bd6c-7bb46f2ee155,Hew the Entwood (Borderless Poster),Showcase Exhibit: LOTR Posters!,https://cards.scryfall.io/png/front/1/d/1db2c9c2-e087-45b9-8cc8-e0bd3f333ed8.png,3.740000000000000000000000000000,,,,c8caa5a7-7980-491f-8ca4-721d0bb3ed5d,false,https://tcgplayer.com/product/518164?Condition=Near%20Mint&Printing=Normal&Language=English,"[{""name"":""Condition"",""value"":""Near Mint""},{""name"":""Language"",""value"":""English""},{""name"":""Number"",""value"":""737""},{""name"":""Printing"",""value"":""Non Foil""},{""name"":""Set"",""value"":""LTR: Universes Beyond: The Lord of the Rings: Tales of Middle-earth""}]"
c8caa5a7-7980-491f-8ca4-721d0bb3ed5d,2024-07-31T22:48:15.919Z,d24d45d8-efc4-4a75-9a8c-05802c95dfaf,8c9e9f6e-7809-4c19-9b40-04575f361257,Lightning Bolt (084),"Oops, All Bolts!",https://cards.scryfall.io/png/front/6/f/6fb94c1b-8002-4d79-add0-c4dfef9019ee.png?1682692221,7.800000000000000000000000000000,,,,c8caa5a7-7980-491f-8ca4-721d0bb3ed5d,false,https://tcgplayer.com/product/214901?Condition=Near%20Mint&Printing=Foil&Language=English,"[{""name"":""Condition"",""value"":""Near Mint""},{""name"":""Language"",""value"":""English""},{""name"":""Number"",""value"":""84""},{""name"":""Printing"",""value"":""Foil""},{""name"":""Set"",""value"":""SLD: Secret Lair Drop Series""}]"
c8caa5a7-7980-491f-8ca4-721d0bb3ed5d,2024-07-31T22:48:15.919Z,85fed3de-e610-489c-8349-11e1ce4a6cbc,8d10efc5-e9db-4b9d-b39f-99eb451f2501,Smokestack,Cube Classics,https://cards.scryfall.io/png/front/6/a/6a37ab2d-094f-431e-878f-93aef0360413.png,5.050000000000000000000000000000,,,,c8caa5a7-7980-491f-8ca4-721d0bb3ed5d,false,https://tcgplayer.com/product/7044?Condition=Near%20Mint&Printing=Normal&Language=English,"[{""name"":""Condition"",""value"":""Near Mint""},{""name"":""Language"",""value"":""English""},{""name"":""Number"",""value"":""309""},{""name"":""Printing"",""value"":""Non Foil""},{""name"":""Set"",""value"":""USG: Urza's Saga""}]"
c8caa5a7-7980-491f-8ca4-721d0bb3ed5d,2024-07-31T22:48:15.919Z,cf427c97-3bca-450a-a1ee-8e8670bae356,a04631c4-01b6-4056-98f5-8a7039f66b68,Balance,Cube Classics,https://cards.scryfall.io/png/front/c/e/ce648aa3-098b-4af0-a433-fd290bc85904.png,3.640000000000000000000000000000,,,,c8caa5a7-7980-491f-8ca4-721d0bb3ed5d,false,https://tcgplayer.com/product/118420?Condition=Near%20Mint&Printing=Normal&Language=English,"[{""name"":""Condition"",""value"":""Near Mint""},{""name"":""Language"",""value"":""English""},{""name"":""Number"",""value"":""2""},{""name"":""Printing"",""value"":""Non Foil""},{""name"":""Set"",""value"":""EMA: Eternal Masters""}]"
c8caa5a7-7980-491f-8ca4-721d0bb3ed5d,2024-07-31T22:48:15.919Z,be2935a2-be9c-47bb-9d40-517928e11662,a3595121-c803-4e4b-80bc-63be76706b8c,Rainbow Vale,The Reserved List: Lands,https://cards.scryfall.io/png/front/c/1/c1b138e1-f8fc-435c-9aed-98004768479c.png,11.680000000000000000000000000000,,,,c8caa5a7-7980-491f-8ca4-721d0bb3ed5d,false,https://tcgplayer.com/product/3737?Condition=Near%20Mint&Printing=Normal&Language=English,"[{""name"":""Condition"",""value"":""Near Mint""},{""name"":""Language"",""value"":""English""},{""name"":""Number"",""value"":null},{""name"":""Printing"",""value"":""Non Foil""},{""name"":""Set"",""value"":""FEM: Fallen Empires""}]"
c8caa5a7-7980-491f-8ca4-721d0bb3ed5d,2024-07-31T22:48:15.919Z,a2ec07f8-d632-49d6-9864-485c7907be3b,ed5e901c-f09b-4220-b5c4-e617319d2c33,"Liliana, Untouched by Death","Oops, All Lilianas!",https://cards.scryfall.io/png/front/4/6/462f8951-7305-4607-92af-92f2b866558d.png,2.390000000000000000000000000000,,,,c8caa5a7-7980-491f-8ca4-721d0bb3ed5d,false,https://tcgplayer.com/product/456826?Condition=Near%20Mint&Printing=Normal&Language=English,"[{""name"":""Condition"",""value"":""Near Mint""},{""name"":""Language"",""value"":""English""},{""name"":""Number"",""value"":""84""},{""name"":""Printing"",""value"":""Non Foil""},{""name"":""Set"",""value"":""SCD: Starter Commander Decks""}]"
c8caa5a7-7980-491f-8ca4-721d0bb3ed5d,2024-07-31T22:48:15.919Z,d584e31f-b2f3-4bd6-a9f3-bb5f4f33746c,f24a21ce-e271-4329-a469-b78d48cf23a2,Ancient Gold Dragon (Borderless),"Do You Even Tribal, Bro? (Dragons)",https://cards.scryfall.io/png/front/9/6/966ae6ea-fc0b-4ff0-92bc-4a20c7ba7e38.png,29.190000000000000000000000000000,,,,c8caa5a7-7980-491f-8ca4-721d0bb3ed5d,false,https://tcgplayer.com/product/273302?Condition=Near%20Mint&Printing=Normal&Language=English,"[{""name"":""Condition"",""value"":""Near Mint""},{""name"":""Language"",""value"":""English""},{""name"":""Number"",""value"":""365""},{""name"":""Printing"",""value"":""Non Foil""},{""name"":""Set"",""value"":""CLB: Commander Legends: Battle for Baldur's Gate""}]"
f4427314-0f06-447f-99b7-e1389d6b7208,2024-08-02T04:50:38.169Z,2e82609f-4f84-44fc-a36c-798fa94d526d,530126e9-a1c7-4ef8-baa8-8b5adfde7273,Lost Origin Elite Trainer Box!,Collecting Elite Trainer Boxes!,https://pullbox.retool.com/api/file/c4a1a2d8-06df-44e0-a991-5eeee8d998b1,73.000000000000000000000000000000,,,,f4427314-0f06-447f-99b7-e1389d6b7208,false,,"[{""name"":""Condition"",""value"":""Sealed""},{""name"":""Printing"",""value"":""Elite Trainer Box""},{""name"":""Set"",""value"":""Lost Origin""}]"
f4427314-0f06-447f-99b7-e1389d6b7208,2024-08-02T04:50:38.169Z,d28a55c7-a903-4e3b-8e47-ed85497cf137,ffa19ce4-20db-4146-a74c-3af01f6bd63c,Brilliant Stars Elite Trainer Box!,Collecting Elite Trainer Boxes!,https://pullbox.retool.com/api/file/c26fc33e-808d-4d31-96ca-a5e5c389371f,73.000000000000000000000000000000,,,,f4427314-0f06-447f-99b7-e1389d6b7208,false,,"[{""name"":""Condition"",""value"":""Sealed""},{""name"":""Printing"",""value"":""Elite Trainer Box""},{""name"":""Set"",""value"":""Brilliant Stars""}]"
f4bf7b89-b43d-4a15-8c40-5e6699fd9257,2024-07-31T20:44:40.078Z,5ef7c5de-587a-4387-9eeb-d8b2134438b9,287d6355-c0e9-4124-b6de-349956ad50ed,Alpha Deathclaw (Showcase),Pip-Boy 2000,https://cards.scryfall.io/png/front/1/e/1e2dc5b0-ac26-4829-9716-f213eda5df30.png,1.650000000000000000000000000000,,,,f4bf7b89-b43d-4a15-8c40-5e6699fd9257,false,https://tcgplayer.com/product/523131?Condition=Near%20Mint&Printing=Normal&Language=English,"[{""name"":""Condition"",""value"":""Near Mint""},{""name"":""Language"",""value"":""English""},{""name"":""Number"",""value"":""336""},{""name"":""Printing"",""value"":""Non Foil""},{""name"":""Set"",""value"":""PIP: Universes Beyond: Fallout""}]"
f4bf7b89-b43d-4a15-8c40-5e6699fd9257,2024-07-31T20:44:40.078Z,c42f4927-337b-47dc-9b1d-78b89afdabea,2c33e6fa-08d7-47cf-9e32-d6e1e100d06f,"Sauron, the Necromancer (Showcase Scrolls)",Showcase Exhibit: LOTR Scrolls!,https://cards.scryfall.io/png/front/7/5/75e85c69-f8ec-40ea-aeb4-7422961f6915.png,0.990000000000000000000000000000,,,,f4bf7b89-b43d-4a15-8c40-5e6699fd9257,false,https://tcgplayer.com/product/526053?Condition=Lightly%20Played&Printing=Normal&Language=English,"[{""name"":""Condition"",""value"":""Lightly Played+""},{""name"":""Language"",""value"":""English""},{""name"":""Number"",""value"":""557""},{""name"":""Printing"",""value"":""Non Foil""},{""name"":""Set"",""value"":""LTR: Universes Beyond: The Lord of the Rings: Tales of Middle-earth""}]"
f4bf7b89-b43d-4a15-8c40-5e6699fd9257,2024-07-31T20:44:40.078Z,6859d2d1-3b20-4290-94cf-367049ae4bae,3124665b-1cf6-4ae4-a53d-042077faa2b9,"Eowyn, Shieldmaiden",Star Spangled Box!,https://cards.scryfall.io/png/front/d/d/dd4a00ff-2206-4e12-a0ab-61ed82c9e6c5.png,0.190000000000000000000000000000,,,,f4bf7b89-b43d-4a15-8c40-5e6699fd9257,false,https://tcgplayer.com/product/498469?Condition=Near%20Mint&Printing=Normal&Language=English,"[{""name"":""Condition"",""value"":""Near Mint""},{""name"":""Language"",""value"":""English""},{""name"":""Number"",""value"":""1""},{""name"":""Printing"",""value"":""Non Foil""},{""name"":""Set"",""value"":""LTC: Commander: The Lord of the Rings: Tales of Middle-earth""}]"
f4bf7b89-b43d-4a15-8c40-5e6699fd9257,2024-07-31T20:44:40.078Z,51cb8617-b741-4b22-a0ba-d769e6926b99,5e874c0f-7772-41c1-9b15-28a1449472df,Viscera Seer,Best 1 Drops of All Time (Creatures),https://cards.scryfall.io/png/front/4/8/486fd8a2-dd97-4082-84ef-4795c7e559a0.png,0.440000000000000000000000000000,,,,f4bf7b89-b43d-4a15-8c40-5e6699fd9257,false,https://tcgplayer.com/product/525885?Condition=Near%20Mint&Printing=Normal&Language=English,"[{""name"":""Condition"",""value"":""Near Mint""},{""name"":""Language"",""value"":""English""},{""name"":""Number"",""value"":""213""},{""name"":""Printing"",""value"":""Non Foil""},{""name"":""Set"",""value"":""LCC: Commander: The Lost Caverns of Ixalan""}]"
f4bf7b89-b43d-4a15-8c40-5e6699fd9257,2024-07-31T20:44:40.078Z,683cc432-b337-42d7-85af-fdc0f309661e,62134813-888f-46c5-a732-48738e474b5d,Generous Gift (Borderless),Top 100 Commander Showdown,https://cards.scryfall.io/png/front/a/1/a1cd4438-a25d-4618-9e93-2c62f6bfc5f5.png,0.550000000000000000000000000000,,,,f4bf7b89-b43d-4a15-8c40-5e6699fd9257,false,https://tcgplayer.com/product/507170?Condition=Near%20Mint&Printing=Normal&Language=English,"[{""name"":""Condition"",""value"":""Near Mint""},{""name"":""Language"",""value"":""English""},{""name"":""Number"",""value"":""624""},{""name"":""Printing"",""value"":""Non Foil""},{""name"":""Set"",""value"":""CMM: Commander Masters""}]"
f4bf7b89-b43d-4a15-8c40-5e6699fd9257,2024-07-31T20:44:40.078Z,9c7ee984-000a-40de-9911-256de506b57e,64219bd4-f3cb-4f4a-bfa7-98ad0b6509a1,"Pippin, Guard of the Citadel (Showcase Scrolls)",Showcase Exhibit: LOTR Scrolls!,https://cards.scryfall.io/png/front/4/e/4e4df643-9515-484a-bbcf-44045b5b50c7.png,0.470000000000000000000000000000,,,,f4bf7b89-b43d-4a15-8c40-5e6699fd9257,false,https://tcgplayer.com/product/525997?Condition=Near%20Mint&Printing=Normal&Language=English,"[{""name"":""Condition"",""value"":""Near Mint""},{""name"":""Language"",""value"":""English""},{""name"":""Number"",""value"":""669""},{""name"":""Printing"",""value"":""Non Foil""},{""name"":""Set"",""value"":""LTR: Universes Beyond: The Lord of the Rings: Tales of Middle-earth""}]"
f4bf7b89-b43d-4a15-8c40-5e6699fd9257,2024-07-31T20:44:40.078Z,e7d3c394-c077-4563-a6d0-f7e4b898201c,80eb5a38-bf5b-48c9-adc9-5aca5e2811cc,Dr. Madison Li (Showcase),Pip-Boy 2000,https://cards.scryfall.io/png/front/3/e/3e356527-66a6-4d71-bc59-0c3bdde3d14c.png,5.020000000000000000000000000000,,,,f4bf7b89-b43d-4a15-8c40-5e6699fd9257,false,https://tcgplayer.com/product/523074?Condition=Near%20Mint&Printing=Normal&Language=English,"[{""name"":""Condition"",""value"":""Near Mint""},{""name"":""Language"",""value"":""English""},{""name"":""Number"",""value"":""341""},{""name"":""Printing"",""value"":""Non Foil""},{""name"":""Set"",""value"":""PIP: Universes Beyond: Fallout""}]"
f4bf7b89-b43d-4a15-8c40-5e6699fd9257,2024-07-31T20:44:40.078Z,e6423837-b19d-4ecd-b2fe-176f7548da09,92902342-4dfc-4e01-8b04-389807544728,Storm of Saruman (Borderless Poster),Showcase Exhibit: LOTR Posters!,https://cards.scryfall.io/png/front/c/6/c67088f4-4cbf-47f5-a4f8-a00f8aae305c.png,13.870000000000000000000000000000,,,,f4bf7b89-b43d-4a15-8c40-5e6699fd9257,false,https://tcgplayer.com/product/518165?Condition=Near%20Mint&Printing=Normal&Language=English,"[{""name"":""Condition"",""value"":""Near Mint""},{""name"":""Language"",""value"":""English""},{""name"":""Number"",""value"":""733""},{""name"":""Printing"",""value"":""Non Foil""},{""name"":""Set"",""value"":""LTR: Universes Beyond: The Lord of the Rings: Tales of Middle-earth""}]"
f4bf7b89-b43d-4a15-8c40-5e6699fd9257,2024-07-31T20:44:40.078Z,d22bbbf6-0fa3-4061-b739-8603957b626b,e447f305-706f-44c1-9110-0ec19074ac04,Path to Exile,Top 100 Commander Showdown,https://cards.scryfall.io/png/front/5/8/58237803-5afc-445f-ba95-2233935fdac1.png,1.400000000000000000000000000000,,,,f4bf7b89-b43d-4a15-8c40-5e6699fd9257,false,https://tcgplayer.com/product/499536?Condition=Near%20Mint&Printing=Normal&Language=English,"[{""name"":""Condition"",""value"":""Near Mint""},{""name"":""Language"",""value"":""English""},{""name"":""Number"",""value"":""175""},{""name"":""Printing"",""value"":""Non Foil""},{""name"":""Set"",""value"":""LTC: Commander: The Lord of the Rings: Tales of Middle-earth""}]"
f4bf7b89-b43d-4a15-8c40-5e6699fd9257,2024-07-31T20:44:40.078Z,4a958488-591d-491d-b80e-2aa44340dea9,e5169022-a62b-4978-b960-61fc3766f0cb,"Liberty Prime, Recharged (Extended Art)",Star Spangled Box!,https://cards.scryfall.io/png/front/c/2/c2ddb442-7006-4e50-a4f5-88e2b8ec2285.png,2.120000000000000000000000000000,,,,f4bf7b89-b43d-4a15-8c40-5e6699fd9257,false,https://tcgplayer.com/product/539453?Condition=Near%20Mint&Printing=Normal&Language=English,"[{""name"":""Condition"",""value"":""Near Mint""},{""name"":""Language"",""value"":""English""},{""name"":""Number"",""value"":""416""},{""name"":""Printing"",""value"":""Non Foil""},{""name"":""Set"",""value"":""PIP: Universes Beyond: Fallout""}]"
f4bf7b89-b43d-4a15-8c40-5e6699fd9257,2024-07-31T20:44:40.078Z,0ea4abb3-1ec6-4520-a3ee-e82968d971db,f0c4279c-1c36-48fe-a270-6796ed111e1e,Riverglide Pathway,The Best Of Pioneer (lands),https://cards.scryfall.io/png/front/2/6/2668ac91-6cda-4f81-a08d-4fc5f9cb35b2.png,16.860000000000000000000000000000,,,,f4bf7b89-b43d-4a15-8c40-5e6699fd9257,false,https://tcgplayer.com/product/221822?Condition=Near%20Mint&Printing=Normal&Language=English,"[{""name"":""Condition"",""value"":""Near Mint""},{""name"":""Language"",""value"":""English""},{""name"":""Number"",""value"":""264""},{""name"":""Printing"",""value"":""Non Foil""},{""name"":""Set"",""value"":""ZNR: Zendikar Rising""}]"